{
	"credit": "Made with Blockbench",
	"textures": {
		"1": "block/birch_planks"
	},
	"elements": [
		{
			"from": [0, 14, 0],
			"to": [16, 16, 16],
			"faces": {
				"north": {"uv": [0, 0, 16, 2], "texture": "#1"},
				"east": {"uv": [0, 0, 16, 2], "texture": "#1"},
				"south": {"uv": [0, 0, 16, 2], "texture": "#1"},
				"west": {"uv": [0, 0, 16, 2], "texture": "#1"},
				"up": {"uv": [0, 0, 16, 16], "texture": "#1"},
				"down": {"uv": [0, 0, 16, 16], "texture": "#1"}
			}
		},
		{
			"from": [0, 0, 0],
			"to": [2, 14, 2],
			"faces": {
				"north": {"uv": [0, 0, 2, 14], "texture": "#1"},
				"east": {"uv": [0, 0, 2, 14], "texture": "#1"},
				"south": {"uv": [0, 0, 2, 14], "texture": "#1"},
				"west": {"uv": [0, 0, 2, 14], "texture": "#1"},
				"up": {"uv": [0, 0, 2, 2], "texture": "#1"},
				"down": {"uv": [0, 0, 2, 2], "texture": "#1"}
			}
		},
		{
			"from": [0, 0, 14],
			"to": [2, 14, 16],
			"faces": {
				"north": {"uv": [0, 0, 2, 14], "texture": "#1"},
				"east": {"uv": [0, 0, 2, 14], "texture": "#1"},
				"south": {"uv": [0, 0, 2, 14], "texture": "#1"},
				"west": {"uv": [0, 0, 2, 14], "texture": "#1"},
				"up": {"uv": [0, 0, 2, 2], "texture": "#1"},
				"down": {"uv": [0, 0, 2, 2], "texture": "#1"}
			}
		},
		{
			"from": [14, 0, 0],
			"to": [16, 14, 2],
			"faces": {
				"north": {"uv": [0, 0, 2, 14], "texture": "#1"},
				"east": {"uv": [0, 0, 2, 14], "texture": "#1"},
				"south": {"uv": [0, 0, 2, 14], "texture": "#1"},
				"west": {"uv": [0, 0, 2, 14], "texture": "#1"},
				"up": {"uv": [0, 0, 2, 2], "texture": "#1"},
				"down": {"uv": [0, 0, 2, 2], "texture": "#1"}
			}
		},
		{
			"from": [14, 0, 14],
			"to": [16, 14, 16],
			"faces": {
				"north": {"uv": [0, 0, 2, 14], "texture": "#1"},
				"east": {"uv": [0, 0, 2, 14], "texture": "#1"},
				"south": {"uv": [0, 0, 2, 14], "texture": "#1"},
				"west": {"uv": [0, 0, 2, 14], "texture": "#1"},
				"up": {"uv": [0, 0, 2, 2], "texture": "#1"},
				"down": {"uv": [0, 0, 2, 2], "texture": "#1"}
			}
		},
		{
			"from": [0, 16, 14],
			"to": [16, 32, 16],
			"faces": {
				"north": {"uv": [0, 0, 16, 16], "texture": "#1"},
				"east": {"uv": [0, 0, 2, 16], "texture": "#1"},
				"south": {"uv": [0, 0, 16, 16], "texture": "#1"},
				"west": {"uv": [0, 0, 2, 16], "texture": "#1"},
				"up": {"uv": [0, 0, 16, 2], "texture": "#1"},
				"down": {"uv": [0, 0, 16, 2], "texture": "#1"}
			}
		}
	]
}