{
	"credit": "Made with Blockbench",
	"parent" : "minecraft:block/block",
	"textures": {
		"0": "block/faucet",
		"particle": "block/faucet"
	},
	"elements": [
		{
			"from": [6, 6, 15],
			"to": [10, 10, 16],
			"faces": {
				"north": {"uv": [0, 0, 4, 4], "texture": "#0"},
				"east": {"uv": [0, 0, 1, 4], "texture": "#0"},
				"south": {"uv": [0, 0, 4, 4], "texture": "#0"},
				"west": {"uv": [0, 0, 1, 4], "texture": "#0"},
				"up": {"uv": [3, 0, 7, 1], "texture": "#0"},
				"down": {"uv": [3, 0, 7, 1], "texture": "#0"}
			}
		},
		{
			"from": [7, 7, 10],
			"to": [9, 9, 15],
			"faces": {
				"east": {"uv": [2, 4, 7, 6], "texture": "#0"},
				"west": {"uv": [2, 4, 7, 6], "texture": "#0"},
				"up": {"uv": [7, 0, 9, 5], "texture": "#0"},
				"down": {"uv": [7, 0, 9, 5], "texture": "#0"}
			}
		},
		{
			"from": [7, 5, 8],
			"to": [9, 9, 10],
			"faces": {
				"north": {"uv": [0, 0, 2, 4], "texture": "#0"},
				"east": {"uv": [0, 0, 2, 4], "texture": "#0"},
				"south": {"uv": [0, 0, 2, 4], "texture": "#0"},
				"west": {"uv": [0, 0, 2, 4], "texture": "#0"},
				"up": {"uv": [2, 4, 4, 6], "texture": "#0"},
				"down": {"uv": [9, 0, 11, 2], "texture": "#0"}
			}
		},
		{
			"from": [6, 9.25, 10],
			"to": [10, 9.25, 14],
			"faces": {
				"up": {"uv": [11, 0, 15, 4], "texture": "#0"},
				"down": {"uv": [11, 0, 15, 4], "texture": "#0"}
			}
		}
	]
}