{
	"credit": "Made with Blockbench",
	"texture_size": [256, 64],
	"textures": {
		"0": "block/table",
		"particle": "block/table"
	},
	"elements": [
		{
			"from": [-16, 15, -16],
			"to": [32, 16, 32],
			"faces": {
				"north": {"uv": [3, 6, 6, 6.125], "texture": "#0"},
				"east": {"uv": [0, 6, 3, 6.125], "texture": "#0"},
				"south": {"uv": [9, 6, 12, 6.125], "texture": "#0"},
				"west": {"uv": [6, 6, 9, 6.125], "texture": "#0"},
				"up": {"uv": [6, 6, 3, 0], "texture": "#0"},
				"down": {"uv": [9, 0, 6, 6], "texture": "#0"}
			}
		},
		{
			"from": [7, 0, 7],
			"to": [9, 15, 9],
			"faces": {
				"north": {"uv": [0.125, 0.25, 0.25, 2.125], "texture": "#0"},
				"east": {"uv": [0, 0.25, 0.125, 2.125], "texture": "#0"},
				"south": {"uv": [0.375, 0.25, 0.5, 2.125], "texture": "#0"},
				"west": {"uv": [0.25, 0.25, 0.375, 2.125], "texture": "#0"},
				"up": {"uv": [0.25, 0.25, 0.125, 0], "texture": "#0"},
				"down": {"uv": [0.375, 0, 0.25, 0.25], "texture": "#0"}
			}
		},
		{
			"from": [6, 0, 6],
			"to": [10, 1, 10],
			"faces": {
				"north": {"uv": [0.25, 0.5, 0.5, 0.625], "texture": "#0"},
				"east": {"uv": [0, 0.5, 0.25, 0.625], "texture": "#0"},
				"south": {"uv": [0.75, 0.5, 1, 0.625], "texture": "#0"},
				"west": {"uv": [0.5, 0.5, 0.75, 0.625], "texture": "#0"},
				"up": {"uv": [0.5, 0.5, 0.25, 0], "texture": "#0"},
				"down": {"uv": [0.75, 0, 0.5, 0.5], "texture": "#0"}
			}
		}
	]
}